{
  "web-icons" : [
    "wb-dashboard",
    "wb-inbox",
    "wb-cloud",
    "wb-bell",
    "wb-book",
    "wb-bookmark",
    "wb-tag",
    "wb-library",
    "wb-share",
    "wb-reply",
    "wb-refresh",
    "wb-move",
    "wb-chat",
    "wb-envelope",
    "wb-user",
    "wb-menu",
    "wb-layout",
    "wb-fullscreen"
  ],

  "font-awesome" : [
    "fa-glass",
    "fa-music",
    "fa-search",
    "fa-envelope-o",
    "fa-heart",
    "fa-star",
    "fa-user",
    "fa-film",
    "fa-check",
    "fa-remove",
    "fa-signal",
    "fa-gear",
    "fa-home",
    "fa-road",
    "fa-download",
    "fa-inbox",
    "fa-refresh",
    "fa-lock"
  ],

  "7-stroke" : [
    "pe-cash",
    "pe-close",
    "pe-bluetooth",
    "pe-way",
    "pe-wristwatch",
    "pe-id",
    "pe-volume",
    "pe-users",
    "pe-switch",
    "pe-scissors",
    "pe-wallet",
    "pe-safe",
    "pe-video",
    "pe-upload",
    "pe-umbrella",
    "pe-tools",
    "pe-trash",
    "pe-unlock"
  ],

  "brand-icons" : [
    "bd-behance",
    "bd-blogger",
    "bd-delicious",
    "bd-deviantart",
    "bd-dribbble",
    "bd-facebook",
    "bd-flickr",
    "bd-foursquare",
    "bd-github",
    "bd-instagram",
    "bd-lastfm",
    "bd-linkedin",
    "bd-pinterest",
    "bd-stackoverflow",
    "bd-reddit",
    "bd-tumblr",
    "bd-twitter",
    "bd-vimeo"
  ],

  "glyphicons" : [
    "glyphicon glyphicon-tags",
    "glyphicon glyphicon-italic",
    "glyphicon glyphicon-bold",
    "glyphicon glyphicon-font",
    "glyphicon glyphicon-glass",
    "glyphicon glyphicon-envelope",
    "glyphicon glyphicon-music",
    "glyphicon glyphicon-search",
    "glyphicon glyphicon-heart",
    "glyphicon glyphicon-star",
    "glyphicon glyphicon-user",
    "glyphicon glyphicon-remove",
    "glyphicon glyphicon-home",
    "glyphicon glyphicon-road",
    "glyphicon glyphicon-time",
    "glyphicon glyphicon-upload",
    "glyphicon glyphicon-inbox",
    "glyphicon glyphicon-lock"
  ],

  "ionicons" : [
    "ion-ios-albums",
    "ion-ios-aperture",
    "ion-ios-apps",
    "ion-ios-barcode",
    "ion-md-alert",
    "ion-md-eye",
    "ion-md-egg",
    "ion-md-document",
    "ion-md-disc",
    "ion-md-cube",
    "ion-md-chatboxes",
    "ion-md-checkmark",
    "ion-md-clipboard",
    "ion-md-clock",
    "ion-md-close",
    "ion-md-cloud",
    "ion-md-compass",
    "ion-md-contrast"
  ],

  "material-design" : [
    "md-3d-rotation",
    "md-album",
    "md-archive",
    "md-assignment-account",
    "md-assignment-alert",
    "md-assignment-check",
    "md-assignment-o",
    "md-assignment-return",
    "md-assignment-returned",
    "md-assignment",
    "md-attachment-alt",
    "md-attachment",
    "md-audio",
    "md-badge-check",
    "md-balance-wallet",
    "md-balance",
    "md-battery-alert",
    "md-bike"
  ],

  "mfglabs" : [
    "ml-cloud",
    "ml-arrow-up",
    "ml-arrow-down",
    "ml-arrow-right",
    "ml-arrow-left",
    "ml-reorder",
    "ml-list",
    "ml-reorder-square",
    "ml-reorder-square-line",
    "ml-coverflow",
    "ml-coverflow-line",
    "ml-pause",
    "ml-play",
    "ml-step-forward",
    "ml-step-backward",
    "ml-data-science",
    "ml-globe",
    "ml-paperplane-ico"
  ],

  "open-iconic" : [
    "io-align-center",
    "io-align-left",
    "io-align-right",
    "io-aperture",
    "io-audio",
    "io-badge",
    "io-ban",
    "io-basket",
    "io-beaker",
    "io-bell",
    "io-bluetooth",
    "io-bold",
    "io-bolt",
    "io-book",
    "io-bookmark",
    "io-box",
    "io-briefcase",
    "io-browser"
  ],

  "themify" : [
    "ti-wand",
    "ti-volume",
    "ti-user",
    "ti-unlock",
    "ti-unlink",
    "ti-trash",
    "ti-thought",
    "ti-target",
    "ti-tablet",
    "ti-star",
    "ti-spray",
    "ti-signal",
    "ti-settings",
    "ti-search",
    "ti-cut",
    "ti-bookmark",
    "ti-reload",
    "ti-pin"
  ],

  "weather-icons" : [
    "wi-cloudy",
    "wi-fog",
    "wi-hail",
    "wi-lightning",
    "wi-rain",
    "wi-showers",
    "wi-snow",
    "wi-sprinkle",
    "wi-thunderstorm",
    "wi-windy",
    "wi-cloud",
    "wi-degrees",
    "wi-fahrenheit",
    "wi-horizon",
    "wi-lightning",
    "wi-umbrella",
    "wi-sunrise",
    "wi-sunset"
  ],

  "octicons" : [
    "oi-book",
    "oi-bookmark",
    "oi-clippy",
    "oi-dashboard",
    "oi-database",
    "oi-file-code",
    "oi-file-zip",
    "oi-git-branch",
    "oi-keyboard",
    "oi-mark-github",
    "oi-organization",
    "oi-repo",
    "oi-server",
    "oi-settings",
    "oi-terminal",
    "oi-shield",
    "oi-versions",
    "oi-watch"
  ]
}
