{
  "group": true,
  "prefix": "map-icon",
  "homepage": "https://github.com/scottdejonge/Map-Icons#readme",
  "icons": {
    "General": [
      "art-gallery",
      "campground",
      "bank",
      "hair-care",
      "gym",
      "point-of-interest",
      "post-box",
      "post-office",
      "university",
      "beauty-salon",
      "atm",
      "rv-park",
      "school",
      "library",
      "spa",
      "route",
      "postal-code",
      "stadium",
      "postal-code-prefix",
      "museum",
      "finance",
      "natural-feature",
      "funeral-home",
      "cemetery",
      "park",
      "lodging"
    ],
    "Toilets": [
      "female",
      "male",
      "unisex",
      "toilet"
    ],
    "Food": [
      "bakery",
      "cafe",
      "restaurant",
      "food"
    ],
    "Stores": [
      "liquor-store",
      "bicycle-store",
      "pet-store",
      "hardware-store",
      "book-store",
      "furniture-store",
      "department-store",
      "electronics-store",
      "jewelry-store",
      "clothing-store",
      "convenience-store",
      "store",
      "shopping-mall",
      "movie-rental",
      "grocery-or-supermarket",
      "florist",
      "laundry"
    ],
    "Activities": [
      "abseiling",
      "archery",
      "baseball",
      "bicycling",
      "climbing",
      "golf",
      "hang-gliding",
      "horse-riding",
      "inline-skating",
      "motobike-trail",
      "playground",
      "skateboarding",
      "tennis",
      "trail-walking",
      "viewing",
      "walking",
      "boating",
      "boat-ramp",
      "boat-tour",
      "canoe",
      "diving",
      "fishing",
      "fishing-pier",
      "fish-cleaning",
      "jet-skiing",
      "kayaking",
      "marina",
      "rafting",
      "sailing",
      "scuba-diving",
      "surfing",
      "swimming",
      "waterskiing",
      "whale-watching",
      "wind-surfing",
      "chairlift",
      "cross-country-skiing",
      "ice-fishing",
      "ice-skating",
      "ski-jumping",
      "skiing",
      "sledding",
      "snow-shoeing",
      "snow",
      "snowboarding",
      "snowmobile"
    ],
    "Transport": [
      "train-station",
      "subway-station",
      "bus-station",
      "transit-station",
      "parking",
      "gas-station",
      "car-rental",
      "car-dealer",
      "car-repair",
      "car-wash",
      "airport",
      "taxi-stand"
    ],
    "Health": [
      "health",
      "dentist",
      "doctor",
      "hospital",
      "pharmacy",
      "physiotherapist",
      "veterinary-care"
    ],
    "Entertainment": [
      "bar",
      "amusement-park",
      "aquarium",
      "casino",
      "movie-theater",
      "night-club",
      "zoo",
      "bowling-alley"
    ],
    "Services": [
      "storage",
      "electrician",
      "moving-company",
      "painter",
      "plumber",
      "roofing-contractor",
      "general-contractor",
      "locksmith"
    ],
    "Business": [
      "insurance-agency",
      "lawyer",
      "real-estate-agency",
      "travel-agency",
      "accounting"
    ],
    "Government": [
      "courthouse",
      "political",
      "local-government",
      "embassy",
      "city-hall",
      "fire-station",
      "police"
    ],
    "Religious": [
      "place-of-worship",
      "church",
      "mosque",
      "synagogue",
      "hindu-temple"
    ],
    "Accessibility": [
      "wheelchair",
      "closed-captioning",
      "open-captioning",
      "sign-language",
      "volume-control-telephone",
      "low-vision-access",
      "braille",
      "audio-description",
      "assistive-listening-system"
    ],
    "User Interface": [
      "search",
      "location-arrow",
      "zoom-out",
      "zoom-out-alt",
      "zoom-in",
      "zoom-in-alt",
      "crosshairs",
      "compass",
      "expand",
      "fullscreen"
    ],
    "Marker Icons": [
      "map-pin",
      "square-pin",
      "route-pin",
      "shield",
      "circle",
      "square-rounded",
      "square"
    ]
  }
}
